Protocol,Accuracy,Macro-F1,ROC-AUC,PR-AUC,ECE,Brier,NLL
Raw two-stage MEARNet,0.8286852589641435,0.8354433441973463,0.9251447775134177,0.8884246829620371,0.04577856157642912,0.2639236111510313,0.4810130506662232
ASCE two-stage MEARNet,0.8406374501992032,0.8405213838433184,0.9395855873893378,0.914405004671636,0.08211779671598718,0.2484319323489227,0.47971192501790255
